{
  "length": 67,
  "x": [
    0.409375,
    0.40677083333333336,
    0.4036458333333333,
    0.4005208333333333,
    0.39479166666666665,
    0.38697916666666665,
    0.3765625,
    0.3609375,
    0.3385416666666667,
    0.31979166666666664,
    0.29791666666666666,
    0.28541666666666665,
    0.26927083333333335,
    0.2515625,
    0.23697916666666666,
    0.2328125,
    0.225,
    0.21979166666666666,
    0.21770833333333334,
    0.2171875,
    0.21875,
    0.225,
    0.2375,
    0.2520833333333333,
    0.2708333333333333,
    0.29739583333333336,
    0.3234375,
    0.3515625,
    0.37447916666666664,
    0.40677083333333336,
    0.4166666666666667,
    0.4375,
    0.45416666666666666,
    0.46770833333333334,
    0.47239583333333335,
    0.4791666666666667,
    0.4822916666666667,
    0.4828125,
    0.4817708333333333,
    0.475,
    0.45677083333333335,
    0.43802083333333336,
    0.4015625,
    0.3609375,
    0.31927083333333334,
    0.2734375,
    0.23385416666666667,
    0.2078125,
    0.19114583333333332,
    0.17447916666666666,
    0.1640625,
    0.1578125,
    0.14322916666666666,
    0.14166666666666666,
    0.14739583333333334,
    0.17083333333333334,
    0.21041666666666667,
    0.25364583333333335,
    0.3020833333333333,
    0.353125,
    0.37552083333333336,
    0.4005208333333333,
    0.41302083333333334,
    0.42083333333333334,
    0.42916666666666664,
    0.4421875,
    0.44947916666666665
  ],
  "y": [
    0.14166666666666666,
    0.1425,
    0.14333333333333334,
    0.14583333333333334,
    0.15,
    0.155,
    0.1625,
    0.17416666666666666,
    0.19,
    0.20583333333333334,
    0.225,
    0.2375,
    0.255,
    0.2758333333333333,
    0.2975,
    0.30583333333333335,
    0.3225,
    0.3375,
    0.35083333333333333,
    0.3616666666666667,
    0.37833333333333335,
    0.3875,
    0.4008333333333333,
    0.4083333333333333,
    0.415,
    0.42083333333333334,
    0.4225,
    0.4225,
    0.4175,
    0.4083333333333333,
    0.4025,
    0.3883333333333333,
    0.37083333333333335,
    0.3541666666666667,
    0.3425,
    0.32666666666666666,
    0.31083333333333335,
    0.29,
    0.27416666666666667,
    0.26166666666666666,
    0.2375,
    0.225,
    0.21,
    0.20416666666666666,
    0.20416666666666666,
    0.21,
    0.22083333333333333,
    0.2325,
    0.2425,
    0.25416666666666665,
    0.26416666666666666,
    0.2708333333333333,
    0.2891666666666667,
    0.2975,
    0.30583333333333335,
    0.31083333333333335,
    0.31083333333333335,
    0.31,
    0.29833333333333334,
    0.2808333333333333,
    0.27166666666666667,
    0.25833333333333336,
    0.25083333333333335,
    0.245,
    0.23916666666666667,
    0.22916666666666666,
    0.2225
  ],
  "chaoticLevel": -5.496217909215647
}