{
  "length": 379,
  "x": [
    0.3,
    0.2989583333333333,
    0.29739583333333336,
    0.29583333333333334,
    0.2942708333333333,
    0.29270833333333335,
    0.2921875,
    0.29322916666666665,
    0.2942708333333333,
    0.296875,
    0.2994791666666667,
    0.30052083333333335,
    0.303125,
    0.30364583333333334,
    0.30364583333333334,
    0.3020833333333333,
    0.30104166666666665,
    0.30052083333333335,
    0.3,
    0.3026041666666667,
    0.30520833333333336,
    0.3067708333333333,
    0.3078125,
    0.3104166666666667,
    0.3109375,
    0.31197916666666664,
    0.31197916666666664,
    0.31197916666666664,
    0.31197916666666664,
    0.31197916666666664,
    0.31197916666666664,
    0.31145833333333334,
    0.3109375,
    0.3109375,
    0.3109375,
    0.31145833333333334,
    0.3125,
    0.31302083333333336,
    0.3140625,
    0.31666666666666665,
    0.3171875,
    0.3182291666666667,
    0.32083333333333336,
    0.3229166666666667,
    0.325,
    0.3265625,
    0.32760416666666664,
    0.328125,
    0.328125,
    0.32760416666666664,
    0.32708333333333334,
    0.32708333333333334,
    0.3260416666666667,
    0.3260416666666667,
    0.3260416666666667,
    0.3265625,
    0.32708333333333334,
    0.328125,
    0.3307291666666667,
    0.3328125,
    0.3359375,
    0.3385416666666667,
    0.3411458333333333,
    0.34375,
    0.3458333333333333,
    0.3463541666666667,
    0.3463541666666667,
    0.3458333333333333,
    0.34375,
    0.34322916666666664,
    0.34322916666666664,
    0.34479166666666666,
    0.34739583333333335,
    0.3494791666666667,
    0.353125,
    0.3567708333333333,
    0.3619791666666667,
    0.36614583333333334,
    0.36822916666666666,
    0.36822916666666666,
    0.36770833333333336,
    0.365625,
    0.36302083333333335,
    0.3614583333333333,
    0.3609375,
    0.3614583333333333,
    0.3625,
    0.3645833333333333,
    0.3697916666666667,
    0.37604166666666666,
    0.3807291666666667,
    0.3859375,
    0.390625,
    0.3932291666666667,
    0.39427083333333335,
    0.39375,
    0.3932291666666667,
    0.3927083333333333,
    0.39375,
    0.396875,
    0.40520833333333334,
    0.4119791666666667,
    0.4166666666666667,
    0.41770833333333335,
    0.41875,
    0.4166666666666667,
    0.41354166666666664,
    0.41041666666666665,
    0.409375,
    0.4088541666666667,
    0.40989583333333335,
    0.41354166666666664,
    0.41875,
    0.42291666666666666,
    0.42604166666666665,
    0.428125,
    0.42864583333333334,
    0.4265625,
    0.4244791666666667,
    0.4234375,
    0.42291666666666666,
    0.42291666666666666,
    0.4234375,
    0.4270833333333333,
    0.4322916666666667,
    0.43645833333333334,
    0.4401041666666667,
    0.44427083333333334,
    0.4484375,
    0.4515625,
    0.45260416666666664,
    0.45364583333333336,
    0.45260416666666664,
    0.4505208333333333,
    0.4479166666666667,
    0.4453125,
    0.4427083333333333,
    0.44166666666666665,
    0.44166666666666665,
    0.4421875,
    0.4453125,
    0.4484375,
    0.45416666666666666,
    0.459375,
    0.46197916666666666,
    0.4635416666666667,
    0.46458333333333335,
    0.4661458333333333,
    0.4666666666666667,
    0.4661458333333333,
    0.465625,
    0.4630208333333333,
    0.4609375,
    0.46041666666666664,
    0.46197916666666666,
    0.465625,
    0.471875,
    0.4791666666666667,
    0.4875,
    0.4973958333333333,
    0.5015625,
    0.5020833333333333,
    0.5015625,
    0.5,
    0.4979166666666667,
    0.4953125,
    0.4942708333333333,
    0.49322916666666666,
    0.49270833333333336,
    0.4921875,
    0.4901041666666667,
    0.4875,
    0.48541666666666666,
    0.484375,
    0.48385416666666664,
    0.484375,
    0.4864583333333333,
    0.48854166666666665,
    0.48854166666666665,
    0.48802083333333335,
    0.4875,
    0.4864583333333333,
    0.4869791666666667,
    0.4895833333333333,
    0.49270833333333336,
    0.49583333333333335,
    0.4979166666666667,
    0.4984375,
    0.4973958333333333,
    0.49375,
    0.48802083333333335,
    0.48072916666666665,
    0.4713541666666667,
    0.4671875,
    0.46510416666666665,
    0.46822916666666664,
    0.4817708333333333,
    0.49375,
    0.5098958333333333,
    0.5203125,
    0.528125,
    0.5296875,
    0.5291666666666667,
    0.5260416666666666,
    0.4942708333333333,
    0.4859375,
    0.47552083333333334,
    0.4661458333333333,
    0.453125,
    0.44635416666666666,
    0.440625,
    0.43802083333333336,
    0.440625,
    0.446875,
    0.46197916666666666,
    0.47604166666666664,
    0.4921875,
    0.5125,
    0.5265625,
    0.5390625,
    0.5510416666666667,
    0.5552083333333333,
    0.5557291666666667,
    0.5515625,
    0.5463541666666667,
    0.5401041666666667,
    0.5328125,
    0.5302083333333333,
    0.5296875,
    0.5333333333333333,
    0.5395833333333333,
    0.5484375,
    0.5598958333333334,
    0.56875,
    0.575,
    0.5791666666666667,
    0.5796875,
    0.5786458333333333,
    0.5739583333333333,
    0.5682291666666667,
    0.5625,
    0.5598958333333334,
    0.559375,
    0.5598958333333334,
    0.5671875,
    0.5739583333333333,
    0.5807291666666666,
    0.5890625,
    0.5911458333333334,
    0.5916666666666667,
    0.590625,
    0.5854166666666667,
    0.5822916666666667,
    0.5807291666666666,
    0.5807291666666666,
    0.5822916666666667,
    0.5859375,
    0.5880208333333333,
    0.5890625,
    0.5895833333333333,
    0.5875,
    0.5854166666666667,
    0.5802083333333333,
    0.5755208333333334,
    0.5677083333333334,
    0.5588541666666667,
    0.5546875,
    0.5520833333333334,
    0.5520833333333334,
    0.5536458333333333,
    0.55625,
    0.559375,
    0.5619791666666667,
    0.5630208333333333,
    0.5630208333333333,
    0.5614583333333333,
    0.559375,
    0.55625,
    0.5520833333333334,
    0.5479166666666667,
    0.5442708333333334,
    0.5401041666666667,
    0.5390625,
    0.5390625,
    0.5416666666666666,
    0.5453125,
    0.5505208333333333,
    0.5552083333333333,
    0.559375,
    0.5640625,
    0.56875,
    0.5703125,
    0.56875,
    0.5661458333333333,
    0.5567708333333333,
    0.5458333333333333,
    0.5270833333333333,
    0.5130208333333334,
    0.5020833333333333,
    0.49895833333333334,
    0.5005208333333333,
    0.5041666666666667,
    0.5161458333333333,
    0.5265625,
    0.5364583333333334,
    0.546875,
    0.55,
    0.55,
    0.546875,
    0.5395833333333333,
    0.5307291666666667,
    0.5197916666666667,
    0.5130208333333334,
    0.5098958333333333,
    0.5109375,
    0.5151041666666667,
    0.5213541666666667,
    0.5286458333333334,
    0.53125,
    0.5322916666666667,
    0.5302083333333333,
    0.525,
    0.5109375,
    0.4979166666666667,
    0.48125,
    0.46458333333333335,
    0.4421875,
    0.42604166666666665,
    0.40572916666666664,
    0.3927083333333333,
    0.378125,
    0.3651041666666667,
    0.346875,
    0.33229166666666665,
    0.31927083333333334,
    0.3015625,
    0.290625,
    0.2791666666666667,
    0.2682291666666667,
    0.26145833333333335,
    0.25416666666666665,
    0.25104166666666666,
    0.24947916666666667,
    0.24895833333333334,
    0.25052083333333336,
    0.253125,
    0.2598958333333333,
    0.2671875,
    0.2760416666666667,
    0.28802083333333334,
    0.3015625,
    0.32395833333333335,
    0.3416666666666667,
    0.36666666666666664,
    0.3859375,
    0.40625,
    0.4265625,
    0.453125,
    0.471875,
    0.4947916666666667,
    0.5109375,
    0.5239583333333333,
    0.5348958333333333,
    0.5453125,
    0.5505208333333333,
    0.5526041666666667,
    0.5505208333333333,
    0.5458333333333333,
    0.5380208333333333,
    0.5239583333333333,
    0.5046875,
    0.48802083333333335,
    0.471875,
    0.45625,
    0.44114583333333335,
    0.4270833333333333,
    0.41770833333333335,
    0.41302083333333334,
    0.4125
  ],