{
  "length": 123,
  "x": [
    0.3385416666666667,
    0.3375,
    0.3338541666666667,
    0.33177083333333335,
    0.3296875,
    0.32760416666666664,
    0.32395833333333335,
    0.32083333333333336,
    0.31927083333333334,
    0.31927083333333334,
    0.32135416666666666,
    0.32760416666666664,
    0.3338541666666667,
    0.3453125,
    0.3572916666666667,
    0.37083333333333335,
    0.3854166666666667,
    0.4036458333333333,
    0.4166666666666667,
    0.4322916666666667,
    0.4401041666666667,
    0.4453125,
    0.446875,
    0.4432291666666667,
    0.434375,
    0.41822916666666665,
    0.4041666666666667,
    0.38697916666666665,
    0.36770833333333336,
    0.3489583333333333,
    0.3265625,
    0.3078125,
    0.29635416666666664,
    0.2875,
    0.28177083333333336,
    0.28020833333333334,
    0.2838541666666667,
    0.29270833333333335,
    0.3020833333333333,
    0.3140625,
    0.3302083333333333,
    0.3484375,
    0.371875,
    0.39166666666666666,
    0.40520833333333334,
    0.4166666666666667,
    0.42604166666666665,
    0.4328125,
    0.4354166666666667,
    0.4322916666666667,
    0.42604166666666665,
    0.4161458333333333,
    0.4046875,
    0.3890625,
    0.3651041666666667,
    0.3385416666666667,
    0.3203125,
    0.3015625,
    0.284375,
    0.2708333333333333,
    0.25833333333333336,
    0.25625,
    0.2598958333333333,
    0.2682291666666667,
    0.28072916666666664,
    0.296875,
    0.3234375,
    0.3541666666666667,
    0.378125,
    0.4005208333333333,
    0.4203125,
    0.4390625,
    0.4583333333333333,
    0.465625,
    0.4671875,
    0.4625,
    0.45208333333333334,
    0.43802083333333336,
    0.41354166666666664,
    0.3921875,
    0.3609375,
    0.3385416666666667,
    0.3171875,
    0.296875,
    0.271875,
    0.2557291666666667,
    0.24166666666666667,
    0.23697916666666666,
    0.23697916666666666,
    0.24375,
    0.25416666666666665,
    0.2703125,
    0.296875,
    0.32135416666666666,
    0.34739583333333335,
    0.38385416666666666,
    0.41041666666666665,
    0.4348958333333333,
    0.46510416666666665,
    0.4828125,
    0.49583333333333335,
    0.5026041666666666,
    0.503125,
    0.496875,
    0.48125,
    0.4630208333333333,
    0.4401041666666667,
    0.40625,
    0.3880208333333333,
    0.35208333333333336,
    0.3182291666666667,
    0.2953125,
    0.275,
    0.2625,
    0.2557291666666667,
    0.2604166666666667,
    0.278125,
    0.2994791666666667,
    0.3265625,
    0.3703125,
    0.4083333333333333,
    0.44427083333333334,
    0.46510416666666665
  ],
  "y": [
    0.285,
    0.285,
    0.2866666666666667,
    0.2891666666666667,
    0.2916666666666667,
    0.29583333333333334,
    0.30833333333333335,
    0.3258333333333333,
    0.3425,
    0.36083333333333334,
    0.3775,
    0.3975,
    0.41083333333333333,
    0.4225,
    0.4266666666666667,
    0.42583333333333334,
    0.4191666666666667,
    0.4041666666666667,
    0.38666666666666666,
    0.3566666666666667,
    0.33,
    0.305,
    0.2808333333333333,
    0.2575,
    0.2325,
    0.21416666666666667,
    0.20916666666666667,
    0.21,
    0.22,
    0.2375,
    0.26916666666666667,
    0.31083333333333335,
    0.34833333333333333,
    0.3875,
    0.4275,
    0.465,
    0.505,
    0.5341666666666667,
    0.5491666666666667,
    0.5591666666666667,
    0.5625,
    0.5583333333333333,
    0.5441666666666667,
    0.52,
    0.49916666666666665,
    0.475,
    0.4475,
    0.4175,
    0.37666666666666665,
    0.33166666666666667,
    0.30333333333333334,
    0.2825,
    0.2675,
    0.25833333333333336,
    0.2575,
    0.27166666666666667,
    0.2916666666666667,
    0.31916666666666665,
    0.35583333333333333,
    0.3975,
    0.455,
    0.5083333333333333,
    0.5441666666666667,
    0.575,
    0.5983333333333334,
    0.6133333333333333,
    0.6241666666666666,
    0.6191666666666666,
    0.6083333333333333,
    0.5908333333333333,
    0.5666666666666667,
    0.5375,
    0.49,
    0.4525,
    0.4033333333333333,
    0.36833333333333335,
    0.3358333333333333,
    0.30666666666666664,
    0.2791666666666667,
    0.26666666666666666,
    0.265,
    0.2725,
    0.2891666666666667,
    0.31166666666666665,
    0.3525,
    0.3908333333333333,
    0.44583333333333336,
    0.48583333333333334,
    0.5233333333333333,
    0.5691666666666667,
    0.6008333333333333,
    0.6283333333333333,
    0.655,
    0.6691666666666667,
    0.6775,
    0.6766666666666666,
    0.6666666666666666,
    0.6475,
    0.6091666666666666,
    0.5725,
    0.5333333333333333,
    0.49333333333333335,
    0.43666666666666665,
    0.39416666666666667,
    0.33916666666666667,
    0.3016666666666667,
    0.27,
    0.24166666666666667,
    0.23416666666666666,
    0.2375,
    0.2608333333333333,
    0.2925,
    0.33416666666666667,
    0.38,
    0.44416666666666665,
    0.4925,
    0.55,
    0.5841666666666666,
    0.6066666666666667,
    0.625,
    0.6316666666666667,
    0.6316666666666667,
    0.63
  ],
  "chaoticLevel": -2.6623327597537454
}