{
  "length": 66,
  "x": [
    0.29583333333333334,
    0.29635416666666664,
    0.29635416666666664,
    0.29583333333333334,
    0.2947916666666667,
    0.29375,
    0.2916666666666667,
    0.28802083333333334,
    0.2833333333333333,
    0.2786458333333333,
    0.27760416666666665,
    0.28020833333333334,
    0.2859375,
    0.296875,
    0.31666666666666665,
    0.34739583333333335,
    0.36614583333333334,
    0.38125,
    0.3885416666666667,
    0.3932291666666667,
    0.39479166666666665,
    0.3927083333333333,
    0.38385416666666666,
    0.371875,
    0.3609375,
    0.34791666666666665,
    0.3296875,
    0.3078125,
    0.271875,
    0.24322916666666666,
    0.22708333333333333,
    0.215625,
    0.21145833333333333,
    0.215625,
    0.2296875,
    0.265625,
    0.30625,
    0.346875,
    0.38333333333333336,
    0.41770833333333335,
    0.46510416666666665,
    0.5052083333333334,
    0.5223958333333333,
    0.53125,
    0.53125,
    0.5197916666666667,
    0.4901041666666667,
    0.4609375,
    0.42083333333333334,
    0.38958333333333334,
    0.35833333333333334,
    0.33229166666666665,
    0.3125,
    0.31197916666666664,
    0.3223958333333333,
    0.33645833333333336,
    0.3546875,
    0.3796875,
    0.4234375,
    0.4557291666666667,
    0.4875,
    0.5026041666666666,
    0.5114583333333333,
    0.5130208333333334,
    0.5052083333333334,
    0.4869791666666667
  ],
  "y": [
    0.7233333333333334,
    0.7216666666666667,
    0.72,
    0.7191666666666666,
    0.7175,
    0.7175,
    0.7183333333333334,
    0.7216666666666667,
    0.7308333333333333,
    0.7475,
    0.7625,
    0.775,
    0.7808333333333334,
    0.7841666666666667,
    0.7833333333333333,
    0.775,
    0.7616666666666667,
    0.74,
    0.7233333333333334,
    0.7008333333333333,
    0.6775,
    0.6508333333333334,
    0.6108333333333333,
    0.575,
    0.5533333333333333,
    0.5341666666666667,
    0.5225,
    0.515,
    0.5191666666666667,
    0.5375,
    0.5641666666666667,
    0.595,
    0.6316666666666667,
    0.6816666666666666,
    0.7175,
    0.765,
    0.7966666666666666,
    0.815,
    0.82,
    0.8133333333333334,
    0.79,
    0.7533333333333333,
    0.7191666666666666,
    0.6816666666666666,
    0.6383333333333333,
    0.5925,
    0.5366666666666666,
    0.51,
    0.49166666666666664,
    0.495,
    0.5125,
    0.54,
    0.5883333333333334,
    0.6283333333333333,
    0.6791666666666667,
    0.7083333333333334,
    0.73,
    0.7425,
    0.7391666666666666,
    0.72,
    0.6766666666666666,
    0.6366666666666667,
    0.5908333333333333,
    0.5225,
    0.47,
    0.4216666666666667
  ],
  "chaoticLevel": -1.0367869762414281
}