{
  "length": 88,
  "x": [
    0.3723958333333333,
    0.3692708333333333,
    0.365625,
    0.3614583333333333,
    0.35572916666666665,
    0.3494791666666667,
    0.33645833333333336,
    0.321875,
    0.30520833333333336,
    0.28854166666666664,
    0.28125,
    0.2671875,
    0.26614583333333336,
    0.2630208333333333,
    0.2578125,
    0.25104166666666666,
    0.23802083333333332,
    0.22916666666666666,
    0.221875,
    0.20885416666666667,
    0.19583333333333333,
    0.18958333333333333,
    0.18229166666666666,
    0.17395833333333333,
    0.16666666666666666,
    0.16041666666666668,
    0.1546875,
    0.15052083333333333,
    0.146875,
    0.14375,
    0.1421875,
    0.140625,
    0.140625,
    0.140625,
    0.14114583333333333,
    0.14583333333333334,
    0.15,
    0.15677083333333333,
    0.16458333333333333,
    0.17395833333333333,
    0.18489583333333334,
    0.20729166666666668,
    0.21927083333333333,
    0.246875,
    0.2708333333333333,
    0.29791666666666666,
    0.3260416666666667,
    0.35833333333333334,
    0.3880208333333333,
    0.4203125,
    0.44375,
    0.471875,
    0.48489583333333336,
    0.49583333333333335,
    0.5140625,
    0.5260416666666666,
    0.5328125,
    0.5364583333333334,
    0.5427083333333333,
    0.54375,
    0.5442708333333334,
    0.5442708333333334,
    0.5411458333333333,
    0.5359375,
    0.5291666666666667,
    0.5192708333333333,
    0.5078125,
    0.48541666666666666,
    0.4734375,
    0.44427083333333334,
    0.4192708333333333,
    0.3885416666666667,
    0.3578125,
    0.32395833333333335,
    0.3,
    0.2708333333333333,
    0.25677083333333334,
    0.2375,
    0.221875,
    0.2125,
    0.203125,
    0.20052083333333334,
    0.19635416666666666,
    0.19479166666666667,
    0.19479166666666667,
    0.19635416666666666,
    0.203125,
    0.22135416666666666
  ],
  "y": [
    0.15833333333333333,
    0.1575,
    0.15583333333333332,
    0.15416666666666667,
    0.15166666666666667,
    0.14916666666666667,
    0.14416666666666667,
    0.13833333333333334,
    0.13333333333333333,
    0.1275,
    0.12583333333333332,
    0.12083333333333333,
    0.1225,
    0.12583333333333332,
    0.13,
    0.1375,
    0.14916666666666667,
    0.15583333333333332,
    0.16166666666666665,
    0.1725,
    0.18333333333333332,
    0.19,
    0.1975,
    0.2075,
    0.21833333333333332,
    0.22916666666666666,
    0.23916666666666667,
    0.24916666666666668,
    0.26,
    0.2708333333333333,
    0.2825,
    0.29333333333333333,
    0.30583333333333335,
    0.3225,
    0.3325,
    0.355,
    0.36666666666666664,
    0.38416666666666666,
    0.39916666666666667,
    0.4141666666666667,
    0.42833333333333334,
    0.4533333333333333,
    0.4625,
    0.48,
    0.49,
    0.49833333333333335,
    0.5016666666666667,
    0.5033333333333333,
    0.5025,
    0.49666666666666665,
    0.4866666666666667,
    0.4716666666666667,
    0.4625,
    0.4525,
    0.4325,
    0.41333333333333333,
    0.4,
    0.385,
    0.36,
    0.3433333333333333,
    0.31916666666666665,
    0.2991666666666667,
    0.2783333333333333,
    0.25833333333333336,
    0.23833333333333334,
    0.21916666666666668,
    0.20166666666666666,
    0.17583333333333334,
    0.1675,
    0.15166666666666667,
    0.145,
    0.14166666666666666,
    0.14083333333333334,
    0.14416666666666667,
    0.15,
    0.16166666666666665,
    0.17166666666666666,
    0.18583333333333332,
    0.20166666666666666,
    0.21583333333333332,
    0.23333333333333334,
    0.2425,
    0.2575,
    0.2725,
    0.2925,
    0.3075,
    0.31916666666666665,
    0.3408333333333333
  ],
  "chaoticLevel": 4.363183757773347
}