{
  "length": 53,
  "x": [
    0.34010416666666665,
    0.3380208333333333,
    0.3333333333333333,
    0.3265625,
    0.3177083333333333,
    0.3046875,
    0.29375,
    0.27395833333333336,
    0.2604166666666667,
    0.24895833333333334,
    0.234375,
    0.22760416666666666,
    0.21770833333333334,
    0.20989583333333334,
    0.20364583333333333,
    0.19947916666666668,
    0.19583333333333333,
    0.19427083333333334,
    0.19427083333333334,
    0.19427083333333334,
    0.19583333333333333,
    0.2015625,
    0.209375,
    0.21979166666666666,
    0.24010416666666667,
    0.25729166666666664,
    0.28229166666666666,
    0.3046875,
    0.33125,
    0.35833333333333334,
    0.3880208333333333,
    0.4166666666666667,
    0.44479166666666664,
    0.46927083333333336,
    0.496875,
    0.5104166666666666,
    0.5171875,
    0.5307291666666667,
    0.5505208333333333,
    0.553125,
    0.5651041666666666,
    0.5734375,
    0.5796875,
    0.575,
    0.571875,
    0.5734375,
    0.5755208333333334,
    0.5598958333333334,
    0.5463541666666667,
    0.5354166666666667,
    0.5234375,
    0.5135416666666667,
    0.5057291666666667
  ],
  "y": [
    0.19166666666666668,
    0.1925,
    0.195,
    0.1975,
    0.20166666666666666,
    0.20666666666666667,
    0.21083333333333334,
    0.21916666666666668,
    0.22666666666666666,
    0.23333333333333334,
    0.245,
    0.25083333333333335,
    0.2608333333333333,
    0.27166666666666667,
    0.2833333333333333,
    0.2941666666666667,
    0.30583333333333335,
    0.3175,
    0.33,
    0.3433333333333333,
    0.3625,
    0.37666666666666665,
    0.39,
    0.405,
    0.42833333333333334,
    0.44333333333333336,
    0.46,
    0.4716666666666667,
    0.4816666666666667,
    0.4866666666666667,
    0.49083333333333334,
    0.49083333333333334,
    0.48833333333333334,
    0.4816666666666667,
    0.4708333333333333,
    0.46166666666666667,
    0.455,
    0.4425,
    0.42333333333333334,
    0.41,
    0.40166666666666667,
    0.3566666666666667,
    0.3458333333333333,
    0.33,
    0.3016666666666667,
    0.29,
    0.28,
    0.26,
    0.24916666666666668,
    0.2475,
    0.23833333333333334,
    0.23083333333333333,
    0.225
  ],
  "chaoticLevel": -10.31630307874269
}