{
  "length": 201,
  "x": [
    0.4708333333333333,
    0.4744791666666667,
    0.48333333333333334,
    0.4973958333333333,
    0.5020833333333333,
    0.5427083333333333,
    0.5755208333333334,
    0.6010416666666667,
    0.6223958333333334,
    0.6364583333333333,
    0.6447916666666667,
    0.6432291666666666,
    0.6260416666666667,
    0.5984375,
    0.55625,
    0.5145833333333333,
    0.471875,
    0.4432291666666667,
    0.4192708333333333,
    0.41302083333333334,
    0.4161458333333333,
    0.428125,
    0.459375,
    0.4864583333333333,
    0.5161458333333333,
    0.5296875,
    0.5338541666666666,
    0.5296875,
    0.5083333333333333,
    0.484375,
    0.45,
    0.428125,
    0.41770833333333335,
    0.41458333333333336,
    0.42604166666666665,
    0.45,
    0.50625,
    0.5520833333333334,
    0.5817708333333333,
    0.6020833333333333,
    0.6140625,
    0.6125,
    0.5984375,
    0.5536458333333333,
    0.5046875,
    0.45364583333333336,
    0.40625,
    0.3802083333333333,
    0.3536458333333333,
    0.346875,
    0.3515625,
    0.36822916666666666,
    0.3953125,
    0.45677083333333335,
    0.5083333333333333,
    0.5541666666666667,
    0.5755208333333334,
    0.5833333333333334,
    0.5744791666666667,
    0.5494791666666666,
    0.5177083333333333,
    0.4739583333333333,
    0.45208333333333334,
    0.4453125,
    0.4473958333333333,
    0.4635416666666667,
    0.484375,
    0.509375,
    0.521875,
    0.5260416666666666,
    0.5166666666666667,
    0.5010416666666667,
    0.48125,
    0.46041666666666664,
    0.4578125,
    0.4666666666666667,
    0.5,
    0.525,
    0.5427083333333333,
    0.5484375,
    0.5453125,
    0.5244791666666667,
    0.4869791666666667,
    0.46979166666666666,
    0.46875,
    0.48020833333333335,
    0.4947916666666667,
    0.5057291666666667,
    0.5083333333333333,
    0.5072916666666667,
    0.49947916666666664,
    0.4828125,
    0.4796875,
    0.48489583333333336,
    0.5109375,
    0.5260416666666666,
    0.5364583333333334,
    0.5380208333333333,
    0.5328125,
    0.5151041666666667,
    0.4953125,
    0.4869791666666667,
    0.4984375,
    0.5322916666666667,
    0.5479166666666667,
    0.5578125,
    0.5567708333333333,
    0.5453125,
    0.5270833333333333,
    0.5046875,
    0.5052083333333334,
    0.5197916666666667,
    0.55,
    0.5651041666666666,
    0.5713541666666667,
    0.5708333333333333,
    0.5463541666666667,
    0.5166666666666667,
    0.48020833333333335,
    0.48125,
    0.5005208333333333,
    0.5395833333333333,
    0.5640625,
    0.5765625,
    0.5755208333333334,
    0.5625,
    0.5369791666666667,
    0.5067708333333333,
    0.4869791666666667,
    0.49375,
    0.51875,
    0.5588541666666667,
    0.578125,
    0.5817708333333333,
    0.5765625,
    0.5583333333333333,
    0.5291666666666667,
    0.4947916666666667,
    0.49270833333333336,
    0.5041666666666667,
    0.5348958333333333,
    0.5536458333333333,
    0.5619791666666667,
    0.5572916666666666,
    0.5385416666666667,
    0.5119791666666667,
    0.47604166666666664,
    0.46875,
    0.4744791666666667,
    0.5078125,
    0.5354166666666667,
    0.553125,
    0.5536458333333333,
    0.5432291666666667,
    0.5088541666666667,
    0.4734375,
    0.44114583333333335,
    0.4359375,
    0.45,
    0.490625,
    0.5223958333333333,
    0.5380208333333333,
    0.5364583333333334,
    0.5114583333333333,
    0.47291666666666665,
    0.4505208333333333,
    0.44895833333333335,
    0.4630208333333333,
    0.4984375,
    0.5458333333333333,
    0.5645833333333333,
    0.5651041666666666,
    0.5567708333333333,
    0.5296875,
    0.49583333333333335,
    0.4583333333333333,
    0.4552083333333333,
    0.46458333333333335,
    0.48854166666666665,
    0.5125,
    0.5291666666666667,
    0.53125,
    0.5291666666666667,
    0.5130208333333334,
    0.47760416666666666,
    0.4479166666666667,
    0.4359375,
    0.4401041666666667,
    0.4744791666666667,
    0.5348958333333333,
    0.5640625,
    0.5744791666666667,
    0.5677083333333334,
    0.5145833333333333,
    0.43333333333333335,
    0.4088541666666667,
    0.4125,
    0.44375,
    0.5317708333333333,
    0.6109375,
    0.615625
  ],